Actual ANN Label,Predicted ANN Label,Actual Class,Predicted Class,Confidence
2,2,normal,normal,0.88661796
2,2,normal,normal,0.78060836
2,2,normal,normal,0.651652
2,2,normal,normal,0.63916266
2,2,normal,normal,0.7101045
2,2,normal,normal,0.70054805
2,2,normal,normal,0.9102926
2,2,normal,normal,0.8998408
2,2,normal,normal,0.8225944
2,2,normal,normal,0.7283724
2,2,normal,normal,0.73741627
2,2,normal,normal,0.60143995
2,1,normal,hypothyroid,0.64900017
2,2,normal,normal,0.99891555
2,2,normal,normal,0.54173446
2,2,normal,normal,0.74721265
2,2,normal,normal,0.9993667
2,2,normal,normal,0.60911596
2,2,normal,normal,0.6360986
0,0,hyperthyroid,hyperthyroid,0.9754966
2,2,normal,normal,0.94734573
2,1,normal,hypothyroid,0.49884936
2,1,normal,hypothyroid,0.6941131
2,2,normal,normal,1.0
2,1,normal,hypothyroid,0.6211133
2,1,normal,hypothyroid,0.5544197
2,1,normal,hypothyroid,0.55866396
2,2,normal,normal,0.52561444
2,1,normal,hypothyroid,0.55633795
2,2,normal,normal,0.7811636
2,2,normal,normal,0.9621498
2,2,normal,normal,0.6142712
2,1,normal,hypothyroid,0.60912913
1,1,hypothyroid,hypothyroid,0.54916143
2,2,normal,normal,0.7536831
2,0,normal,hyperthyroid,0.66413885
2,1,normal,hypothyroid,0.5194973
1,2,hypothyroid,normal,0.6149416
2,2,normal,normal,0.5718047
2,1,normal,hypothyroid,0.82792884
2,2,normal,normal,0.7234344
1,1,hypothyroid,hypothyroid,0.5863713
2,2,normal,normal,0.9280083
0,1,hyperthyroid,hypothyroid,0.6209621
2,1,normal,hypothyroid,0.63163036
2,2,normal,normal,0.6072328
2,2,normal,normal,0.8153831
2,2,normal,normal,0.587232
2,2,normal,normal,0.74203885
2,2,normal,normal,0.92751163
2,2,normal,normal,0.7204488
2,2,normal,normal,0.8577429
2,2,normal,normal,0.8062837
2,1,normal,hypothyroid,0.5790219
2,2,normal,normal,0.7183917
2,2,normal,normal,0.6143055
2,2,normal,normal,0.83407927
2,2,normal,normal,0.5647444
2,2,normal,normal,0.69242793
2,1,normal,hypothyroid,0.5330882
2,1,normal,hypothyroid,0.5684124
2,1,normal,hypothyroid,0.6684353
2,1,normal,hypothyroid,0.6604106
2,2,normal,normal,0.83263516
1,2,hypothyroid,normal,0.4969676
2,2,normal,normal,0.98543614
2,2,normal,normal,0.5283027
2,2,normal,normal,0.9966329
2,2,normal,normal,0.5311317
2,2,normal,normal,0.57268775
2,2,normal,normal,0.6221146
2,2,normal,normal,0.8236815
2,2,normal,normal,0.9956641
2,1,normal,hypothyroid,0.5651131
2,1,normal,hypothyroid,0.61322045
2,2,normal,normal,0.6193893
2,2,normal,normal,0.9894978
2,2,normal,normal,0.84143
2,2,normal,normal,0.99759287
2,2,normal,normal,0.8852443
2,2,normal,normal,0.99769276
2,2,normal,normal,0.51061225
2,2,normal,normal,0.65515035
2,2,normal,normal,0.73933065
2,2,normal,normal,0.65327615
2,1,normal,hypothyroid,0.54479617
2,2,normal,normal,0.5741503
2,1,normal,hypothyroid,0.7582
2,1,normal,hypothyroid,0.66897374
2,2,normal,normal,0.7075144
2,1,normal,hypothyroid,0.48193368
2,2,normal,normal,0.7236739
2,1,normal,hypothyroid,0.52609015
2,0,normal,hyperthyroid,0.8374109
2,1,normal,hypothyroid,0.50118244
2,2,normal,normal,0.815466
2,2,normal,normal,0.98023295
2,2,normal,normal,0.949257
2,2,normal,normal,0.5626163
2,2,normal,normal,0.8126199
2,2,normal,normal,0.88041335
2,2,normal,normal,0.9507632
1,2,hypothyroid,normal,0.5121964
2,1,normal,hypothyroid,0.5158811
0,0,hyperthyroid,hyperthyroid,0.5481278
1,1,hypothyroid,hypothyroid,0.77726454
2,2,normal,normal,0.6610516
2,2,normal,normal,0.7905383
2,1,normal,hypothyroid,0.59361935
2,2,normal,normal,0.95069546
2,2,normal,normal,0.7712359
2,1,normal,hypothyroid,0.55830204
2,2,normal,normal,0.9801815
2,2,normal,normal,0.66233784
2,2,normal,normal,0.85874444
2,2,normal,normal,0.71305996
2,1,normal,hypothyroid,0.5175967
2,2,normal,normal,0.56558025
2,1,normal,hypothyroid,0.67709696
2,1,normal,hypothyroid,0.6903586
0,1,hyperthyroid,hypothyroid,0.49463996
2,0,normal,hyperthyroid,0.49333295
2,2,normal,normal,0.9150891
2,1,normal,hypothyroid,0.5439715
2,2,normal,normal,0.5512575
2,2,normal,normal,0.5652198
2,1,normal,hypothyroid,0.49301413
2,2,normal,normal,0.9575441
2,2,normal,normal,0.5166211
2,2,normal,normal,0.7749012
2,2,normal,normal,0.67301786
2,2,normal,normal,0.89081943
2,2,normal,normal,0.8974842
2,1,normal,hypothyroid,0.578126
2,2,normal,normal,0.9987239
2,1,normal,hypothyroid,0.74668676
2,2,normal,normal,0.5366555
2,0,normal,hyperthyroid,0.9014481
1,1,hypothyroid,hypothyroid,0.58362657
2,2,normal,normal,0.9691496
2,2,normal,normal,0.7229127
1,2,hypothyroid,normal,0.7051488
2,2,normal,normal,0.5951713
2,2,normal,normal,0.67459905
2,2,normal,normal,0.8189066
2,2,normal,normal,0.7137614
2,2,normal,normal,0.98785686
2,2,normal,normal,0.6432429
2,2,normal,normal,0.86470634
2,2,normal,normal,0.70545506
2,1,normal,hypothyroid,0.50455934
2,1,normal,hypothyroid,0.5142756
2,1,normal,hypothyroid,0.815617
2,2,normal,normal,0.73519856
2,2,normal,normal,0.99363375
1,2,hypothyroid,normal,0.6950052
2,2,normal,normal,0.86025435
2,2,normal,normal,0.62517875
2,2,normal,normal,0.58144534
2,2,normal,normal,0.6609688
1,1,hypothyroid,hypothyroid,0.7896979
2,2,normal,normal,0.94088995
2,2,normal,normal,0.6163845
2,2,normal,normal,0.49546263
2,2,normal,normal,0.7826287
2,2,normal,normal,0.5048245
2,2,normal,normal,0.988103
2,2,normal,normal,0.95788676
2,1,normal,hypothyroid,0.55852354
1,1,hypothyroid,hypothyroid,0.67128414
2,1,normal,hypothyroid,0.60374093
2,2,normal,normal,0.7026945
2,1,normal,hypothyroid,0.6895704
2,2,normal,normal,0.96899754
2,2,normal,normal,0.99360836
2,2,normal,normal,0.6005618
2,0,normal,hyperthyroid,0.9743368
2,0,normal,hyperthyroid,0.9968652
2,1,normal,hypothyroid,0.5415341
2,2,normal,normal,0.5723969
2,1,normal,hypothyroid,0.5768138
2,2,normal,normal,0.52057403
2,2,normal,normal,0.5333431
2,1,normal,hypothyroid,0.6066815
2,2,normal,normal,0.75178134
2,1,normal,hypothyroid,0.46149376
2,2,normal,normal,0.6160343
2,2,normal,normal,0.73437613
2,2,normal,normal,0.9756089
2,2,normal,normal,0.5618379
2,1,normal,hypothyroid,0.5174507
2,2,normal,normal,0.9209158
2,1,normal,hypothyroid,0.54390526
2,2,normal,normal,0.73115635
2,2,normal,normal,0.70034224
2,2,normal,normal,0.931613
2,2,normal,normal,0.5883413
2,2,normal,normal,0.8493512
1,1,hypothyroid,hypothyroid,0.81382644
2,2,normal,normal,0.5543911
2,2,normal,normal,0.5324434
2,2,normal,normal,0.85896075
2,1,normal,hypothyroid,0.6622128
2,1,normal,hypothyroid,0.54770225
2,2,normal,normal,0.7323952
2,2,normal,normal,0.6523721
2,2,normal,normal,0.5725264
2,2,normal,normal,0.69549304
2,1,normal,hypothyroid,0.6620933
2,2,normal,normal,0.69194216
2,2,normal,normal,0.53254443
2,2,normal,normal,0.97662306
2,2,normal,normal,0.5834495
2,2,normal,normal,0.5329586
2,2,normal,normal,0.7233272
2,2,normal,normal,0.99704283
1,2,hypothyroid,normal,0.60227245
2,2,normal,normal,0.6061439
2,2,normal,normal,0.6100072
0,0,hyperthyroid,hyperthyroid,0.9999685
2,2,normal,normal,0.58833504
2,1,normal,hypothyroid,0.593755
2,2,normal,normal,0.7731119
2,1,normal,hypothyroid,0.5005994
1,0,hypothyroid,hyperthyroid,0.5128295
2,2,normal,normal,0.55020475
2,2,normal,normal,0.9754662
2,2,normal,normal,0.6471609
2,2,normal,normal,0.7242273
2,0,normal,hyperthyroid,0.64853066
2,2,normal,normal,0.85631925
2,2,normal,normal,0.606565
2,1,normal,hypothyroid,0.50510514
2,2,normal,normal,0.58359164
2,2,normal,normal,0.625209
2,2,normal,normal,0.60892737
2,2,normal,normal,0.70700747
2,2,normal,normal,0.98245806
2,2,normal,normal,0.5596487
2,2,normal,normal,0.5491598
2,1,normal,hypothyroid,0.57407176
2,2,normal,normal,0.56543076
2,2,normal,normal,0.57874876
2,1,normal,hypothyroid,0.50195307
2,2,normal,normal,0.8310781
2,2,normal,normal,0.5489622
2,2,normal,normal,0.8412661
2,2,normal,normal,0.73845345
2,2,normal,normal,0.72617584
2,2,normal,normal,0.51669735
2,1,normal,hypothyroid,0.5013414
2,2,normal,normal,0.99470085
2,2,normal,normal,0.7470571
2,2,normal,normal,0.5897715
2,2,normal,normal,0.6430225
2,2,normal,normal,0.676004
2,2,normal,normal,0.6123265
2,2,normal,normal,0.7029476
2,2,normal,normal,0.8805139
2,2,normal,normal,0.9966323
2,1,normal,hypothyroid,0.7416267
2,1,normal,hypothyroid,0.73275787
2,2,normal,normal,0.55047446
2,2,normal,normal,0.9781712
2,1,normal,hypothyroid,0.5350038
2,2,normal,normal,0.87517434
2,2,normal,normal,0.9986186
2,2,normal,normal,0.6208412
2,2,normal,normal,0.99958223
0,0,hyperthyroid,hyperthyroid,1.0
2,2,normal,normal,0.9925645
1,2,hypothyroid,normal,0.5696522
2,2,normal,normal,0.8596446
2,2,normal,normal,0.64701945
2,1,normal,hypothyroid,0.5193063
2,1,normal,hypothyroid,0.50694287
2,2,normal,normal,0.81582344
2,2,normal,normal,0.67025316
2,1,normal,hypothyroid,0.6313241
2,2,normal,normal,0.9995875
2,2,normal,normal,0.49956614
2,1,normal,hypothyroid,0.55987656
2,2,normal,normal,0.9915337
1,1,hypothyroid,hypothyroid,0.6236538
2,2,normal,normal,0.56397915
2,1,normal,hypothyroid,0.7285014
2,1,normal,hypothyroid,0.5097351
2,0,normal,hyperthyroid,0.87997204
1,1,hypothyroid,hypothyroid,0.7891193
2,1,normal,hypothyroid,0.6854447
2,1,normal,hypothyroid,0.6752185
2,2,normal,normal,0.58712393
2,2,normal,normal,0.8290618
2,2,normal,normal,0.79347306
2,1,normal,hypothyroid,0.5572811
2,2,normal,normal,0.9223935
2,2,normal,normal,0.99990666
2,2,normal,normal,0.6328304
2,1,normal,hypothyroid,0.72161055
2,2,normal,normal,0.7090535
2,2,normal,normal,0.6833675
2,1,normal,hypothyroid,0.5848629
2,2,normal,normal,0.9271652
2,2,normal,normal,0.9997853
2,2,normal,normal,0.6767159
2,1,normal,hypothyroid,0.54500556
2,2,normal,normal,0.6149088
2,2,normal,normal,0.9670418
2,2,normal,normal,0.9695943
2,2,normal,normal,0.95907634
2,2,normal,normal,0.5947871
2,2,normal,normal,0.59354323
2,2,normal,normal,0.64046097
2,2,normal,normal,0.7805639
2,2,normal,normal,0.63576216
2,2,normal,normal,0.6689099
2,2,normal,normal,0.6436869
2,2,normal,normal,0.65951806
2,1,normal,hypothyroid,0.5079013
2,2,normal,normal,0.77688
2,2,normal,normal,0.7540615
2,1,normal,hypothyroid,0.722373
2,2,normal,normal,0.9372302
2,1,normal,hypothyroid,0.5410746
2,1,normal,hypothyroid,0.54470646
2,2,normal,normal,0.99951756
2,2,normal,normal,0.7053579
2,2,normal,normal,0.67375284
2,1,normal,hypothyroid,0.51992875
2,1,normal,hypothyroid,0.63530356
2,2,normal,normal,0.5669522
2,1,normal,hypothyroid,0.50712866
2,1,normal,hypothyroid,0.6925495
2,2,normal,normal,0.6170181
2,2,normal,normal,0.6735957
2,2,normal,normal,0.83593297
2,1,normal,hypothyroid,0.5532445
2,2,normal,normal,0.761487
2,2,normal,normal,0.89084107
2,2,normal,normal,0.62805426
2,0,normal,hyperthyroid,0.67139786
2,2,normal,normal,0.7998614
2,1,normal,hypothyroid,0.8143267
2,2,normal,normal,0.6004921
2,2,normal,normal,0.54043305
2,2,normal,normal,0.52975297
2,2,normal,normal,0.78753066
2,1,normal,hypothyroid,0.50076
2,2,normal,normal,0.9999459
2,1,normal,hypothyroid,0.68770057
2,2,normal,normal,0.9307706
2,1,normal,hypothyroid,0.75122005
2,2,normal,normal,0.5755829
2,1,normal,hypothyroid,0.57582915
2,2,normal,normal,0.50263923
2,2,normal,normal,0.7509955
2,2,normal,normal,0.50059617
2,2,normal,normal,0.91774744
1,1,hypothyroid,hypothyroid,0.8521855
2,2,normal,normal,0.65150857
2,1,normal,hypothyroid,0.5957525
2,2,normal,normal,0.8974864
2,0,normal,hyperthyroid,0.9918792
2,1,normal,hypothyroid,0.49957812
2,2,normal,normal,0.9991399
2,2,normal,normal,0.67287296
2,2,normal,normal,0.8673684
2,2,normal,normal,0.6329478
2,2,normal,normal,0.49613354
2,2,normal,normal,0.9228756
2,2,normal,normal,0.9552553
2,2,normal,normal,0.6066489
2,2,normal,normal,0.6660633
2,2,normal,normal,0.90048605
2,2,normal,normal,0.66280884
2,2,normal,normal,0.59132826
2,2,normal,normal,0.9578337
2,2,normal,normal,0.793266
1,1,hypothyroid,hypothyroid,0.6859753
2,1,normal,hypothyroid,0.6597686
2,2,normal,normal,0.73871154
1,1,hypothyroid,hypothyroid,0.5885086
2,1,normal,hypothyroid,0.7635419
2,2,normal,normal,0.77263904
2,2,normal,normal,0.5337494
2,2,normal,normal,0.8687623
2,2,normal,normal,0.9518236
2,2,normal,normal,0.6041786
2,1,normal,hypothyroid,0.7004115
2,2,normal,normal,0.7762134
2,1,normal,hypothyroid,0.518946
2,2,normal,normal,0.65181965
2,2,normal,normal,0.73516285
2,2,normal,normal,0.76190215
1,2,hypothyroid,normal,0.694426
2,2,normal,normal,0.67216575
2,2,normal,normal,0.9999919
2,2,normal,normal,0.9938595
2,2,normal,normal,0.5061858
2,1,normal,hypothyroid,0.8167486
2,2,normal,normal,0.7449637
2,2,normal,normal,0.7363615
2,2,normal,normal,0.9999995
2,2,normal,normal,0.9919328
2,2,normal,normal,0.7406057
2,2,normal,normal,0.81431586
2,1,normal,hypothyroid,0.56694204
2,0,normal,hyperthyroid,0.76180625
2,2,normal,normal,0.52481216
2,2,normal,normal,0.991445
2,2,normal,normal,0.9926433
2,2,normal,normal,0.53927815
2,2,normal,normal,0.9866832
2,2,normal,normal,0.80235654
2,2,normal,normal,0.6305202
2,2,normal,normal,0.614592
2,2,normal,normal,0.73067707
2,2,normal,normal,0.54308814
2,2,normal,normal,0.731369
2,2,normal,normal,0.6398048
2,2,normal,normal,0.542311
2,2,normal,normal,0.6898687
2,2,normal,normal,0.6602965
2,2,normal,normal,0.74608403
2,2,normal,normal,0.639157
2,2,normal,normal,0.58754665
2,2,normal,normal,0.9042327
2,2,normal,normal,0.70456105
2,1,normal,hypothyroid,0.50723696
2,2,normal,normal,0.5995446
2,2,normal,normal,0.57851857
1,2,hypothyroid,normal,0.757635
2,2,normal,normal,0.6019218
2,2,normal,normal,0.98061174
2,2,normal,normal,0.7180107
1,2,hypothyroid,normal,0.5058509
2,2,normal,normal,0.994368
2,2,normal,normal,0.9708238
2,2,normal,normal,0.65595734
2,2,normal,normal,0.7218711
2,1,normal,hypothyroid,0.7850111
2,2,normal,normal,0.5704848
2,1,normal,hypothyroid,0.5530996
2,2,normal,normal,0.9922737
2,1,normal,hypothyroid,0.50368875
2,1,normal,hypothyroid,0.591173
2,2,normal,normal,0.9987709
1,2,hypothyroid,normal,0.5037145
2,2,normal,normal,0.6676399
2,2,normal,normal,0.52243835
2,2,normal,normal,0.79789
2,2,normal,normal,0.48936597
2,2,normal,normal,0.7902075
2,1,normal,hypothyroid,0.52120334
2,2,normal,normal,0.7216296
2,2,normal,normal,0.74949485
2,2,normal,normal,0.6700289
2,2,normal,normal,0.706673
2,2,normal,normal,0.6899597
2,2,normal,normal,0.9997274
2,1,normal,hypothyroid,0.6252283
2,2,normal,normal,0.7486552
2,2,normal,normal,0.5073126
2,1,normal,hypothyroid,0.7465645
2,2,normal,normal,0.666106
2,1,normal,hypothyroid,0.52052283
2,2,normal,normal,0.6392026
2,2,normal,normal,0.994495
2,2,normal,normal,0.78723514
2,2,normal,normal,0.9984977
2,2,normal,normal,0.75722176
2,2,normal,normal,0.59865904
2,2,normal,normal,0.6534607
0,0,hyperthyroid,hyperthyroid,0.99429643
2,1,normal,hypothyroid,0.6133497
2,2,normal,normal,0.68568814
2,2,normal,normal,0.9322217
2,2,normal,normal,0.68261707
1,1,hypothyroid,hypothyroid,0.5246128
2,1,normal,hypothyroid,0.60970336
2,0,normal,hyperthyroid,0.66552055
2,2,normal,normal,0.6247552
2,2,normal,normal,0.9977913
2,2,normal,normal,0.96505183
1,1,hypothyroid,hypothyroid,0.72744274
2,2,normal,normal,0.65762657
2,2,normal,normal,0.9272364
2,2,normal,normal,0.7851444
2,0,normal,hyperthyroid,0.58526105
2,2,normal,normal,0.6774158
2,1,normal,hypothyroid,0.63410753
2,2,normal,normal,0.64420694
2,2,normal,normal,0.7107508
0,0,hyperthyroid,hyperthyroid,0.9999558
2,2,normal,normal,0.99711573
2,2,normal,normal,0.7115495
2,2,normal,normal,0.6557215
2,1,normal,hypothyroid,0.6761917
2,2,normal,normal,0.6362603
2,2,normal,normal,0.5198919
2,2,normal,normal,0.62364995
2,2,normal,normal,0.8566817
2,2,normal,normal,0.9864624
2,2,normal,normal,0.86132455
2,2,normal,normal,0.60982496
2,2,normal,normal,0.9540569
2,2,normal,normal,0.7759462
2,2,normal,normal,0.83451
2,1,normal,hypothyroid,0.58405656
2,1,normal,hypothyroid,0.5793902
2,2,normal,normal,0.7456604
2,2,normal,normal,0.79113346
2,2,normal,normal,0.6853489
2,2,normal,normal,0.8224663
2,2,normal,normal,0.52668256
2,2,normal,normal,0.7378974
2,1,normal,hypothyroid,0.7463186
0,0,hyperthyroid,hyperthyroid,0.7357397
2,2,normal,normal,0.72933614
2,2,normal,normal,0.6409188
2,2,normal,normal,0.9918677
2,2,normal,normal,0.7592607
2,2,normal,normal,0.5904934
2,2,normal,normal,0.617434
0,0,hyperthyroid,hyperthyroid,0.99601406
2,2,normal,normal,0.5390352
2,2,normal,normal,0.7201753
2,2,normal,normal,0.8427368
2,2,normal,normal,0.98214865
2,2,normal,normal,0.7465816
2,2,normal,normal,0.9894719
1,1,hypothyroid,hypothyroid,0.5141568
2,2,normal,normal,0.5232536
2,2,normal,normal,0.9999095
2,2,normal,normal,0.6722887
2,2,normal,normal,0.99921596
2,2,normal,normal,0.5416916
2,2,normal,normal,0.5762374
1,2,hypothyroid,normal,0.6570321
2,2,normal,normal,0.996476
2,2,normal,normal,0.7000788
2,2,normal,normal,0.53916574
2,2,normal,normal,0.61361176
2,2,normal,normal,0.97258556
2,2,normal,normal,0.72511625
2,1,normal,hypothyroid,0.5109919
2,2,normal,normal,0.99741375
2,2,normal,normal,0.9930098
2,2,normal,normal,0.5308667
2,2,normal,normal,0.9941028
2,2,normal,normal,0.60911596
1,1,hypothyroid,hypothyroid,0.7471421
2,1,normal,hypothyroid,0.50457805
0,0,hyperthyroid,hyperthyroid,0.99999034
2,2,normal,normal,0.6035168
2,2,normal,normal,0.9979115
2,2,normal,normal,0.5506094
2,2,normal,normal,0.6836591
2,2,normal,normal,0.97901773
2,1,normal,hypothyroid,0.49818397
2,2,normal,normal,0.8097489
2,1,normal,hypothyroid,0.62692916
2,2,normal,normal,0.8224391
2,0,normal,hyperthyroid,0.89946026
2,2,normal,normal,0.5016817
2,2,normal,normal,0.51528245
2,2,normal,normal,0.73125684
2,0,normal,hyperthyroid,0.7137534
2,2,normal,normal,0.6690732
0,0,hyperthyroid,hyperthyroid,0.99992585
2,2,normal,normal,0.9626984
2,2,normal,normal,0.8621943
2,1,normal,hypothyroid,0.5438537
2,1,normal,hypothyroid,0.5368064
2,0,normal,hyperthyroid,0.784327
1,2,hypothyroid,normal,0.5196201
2,2,normal,normal,0.5206714
2,2,normal,normal,0.76170695
2,2,normal,normal,0.8159693
2,1,normal,hypothyroid,0.78395873
2,1,normal,hypothyroid,0.7428397
2,2,normal,normal,0.9809873
2,2,normal,normal,0.6453948
2,2,normal,normal,0.79617685
2,2,normal,normal,0.9786729
2,2,normal,normal,0.8601273
2,2,normal,normal,0.5165251
2,1,normal,hypothyroid,0.5256307
2,1,normal,hypothyroid,0.57923293
2,1,normal,hypothyroid,0.6341826
2,2,normal,normal,0.76271194
2,2,normal,normal,0.57846725
2,2,normal,normal,0.66559184
2,2,normal,normal,0.8014634
2,2,normal,normal,0.7004554
2,2,normal,normal,0.70618564
2,2,normal,normal,0.6561584
2,2,normal,normal,0.9954223
2,2,normal,normal,0.913228
2,2,normal,normal,0.5639348
2,2,normal,normal,0.9040565
2,2,normal,normal,0.98908675
2,1,normal,hypothyroid,0.5635474
2,2,normal,normal,0.5724701
2,2,normal,normal,0.6731838
2,2,normal,normal,0.63825274
2,2,normal,normal,0.4475815
2,2,normal,normal,0.8843735
2,1,normal,hypothyroid,0.5797942
2,1,normal,hypothyroid,0.501694
2,2,normal,normal,0.84772396
2,2,normal,normal,0.6159388
2,1,normal,hypothyroid,0.5497499
2,2,normal,normal,0.60730696
2,2,normal,normal,0.6955104
2,2,normal,normal,0.5235153
2,2,normal,normal,0.55458426
2,2,normal,normal,0.5790854
2,2,normal,normal,0.78272957
2,2,normal,normal,0.9981224
2,2,normal,normal,0.7396063
2,2,normal,normal,0.79626507
2,2,normal,normal,0.6896175
1,1,hypothyroid,hypothyroid,0.7878911
2,2,normal,normal,0.6347942
2,2,normal,normal,0.8938905
2,2,normal,normal,0.74886817
2,1,normal,hypothyroid,0.5980706
2,2,normal,normal,0.87960756
2,2,normal,normal,0.76098436
2,1,normal,hypothyroid,0.5814454
2,2,normal,normal,0.67008394
2,1,normal,hypothyroid,0.7546803
0,0,hyperthyroid,hyperthyroid,0.9999993
2,2,normal,normal,0.6675578
2,2,normal,normal,0.8829768
2,2,normal,normal,0.6465471
2,2,normal,normal,0.7607387
2,2,normal,normal,0.7524683
2,2,normal,normal,0.8529773
2,2,normal,normal,0.6345631
2,2,normal,normal,0.9780386
2,2,normal,normal,0.94087327
2,2,normal,normal,0.9060508
2,2,normal,normal,0.73402625
2,2,normal,normal,0.9626657
2,2,normal,normal,0.9547665
2,2,normal,normal,0.7043427
2,2,normal,normal,0.5671739
2,2,normal,normal,0.9366866
2,2,normal,normal,0.6938161
2,2,normal,normal,0.5326439
2,2,normal,normal,0.6604864
2,2,normal,normal,0.5462376
2,2,normal,normal,0.83294827
2,2,normal,normal,0.5819229
1,2,hypothyroid,normal,0.65756327
2,1,normal,hypothyroid,0.5521153
2,2,normal,normal,0.62674886
2,2,normal,normal,0.9169288
2,1,normal,hypothyroid,0.54304826
2,2,normal,normal,0.93079174
2,2,normal,normal,0.98824745
2,2,normal,normal,0.6974041
2,2,normal,normal,0.7160036
2,2,normal,normal,0.8848481
2,2,normal,normal,0.7510108
2,2,normal,normal,0.56586254
2,2,normal,normal,0.64375174
2,2,normal,normal,0.8317441
2,2,normal,normal,0.71693754
2,2,normal,normal,0.5661014
2,2,normal,normal,0.7304753
2,1,normal,hypothyroid,0.5646202
2,2,normal,normal,0.76692235
2,2,normal,normal,0.6067046
2,2,normal,normal,0.5832938
2,1,normal,hypothyroid,0.5460375
2,2,normal,normal,0.775031
2,2,normal,normal,0.80237603
2,1,normal,hypothyroid,0.53841466
2,1,normal,hypothyroid,0.60849047
2,2,normal,normal,0.669607
2,2,normal,normal,0.49645922
2,2,normal,normal,0.6852308
2,1,normal,hypothyroid,0.5395719
2,1,normal,hypothyroid,0.50423616
2,2,normal,normal,0.99866605
2,2,normal,normal,0.73317593
2,2,normal,normal,0.81589097
2,2,normal,normal,0.5430147
2,2,normal,normal,0.96353644
2,2,normal,normal,0.64568514
2,2,normal,normal,0.7160778
2,2,normal,normal,0.5168712
2,1,normal,hypothyroid,0.5031556
2,1,normal,hypothyroid,0.55749327
2,2,normal,normal,0.6223249
2,2,normal,normal,0.65496856
2,2,normal,normal,0.5062217
2,2,normal,normal,0.9214764
2,2,normal,normal,0.6464666
2,2,normal,normal,0.69096416
1,2,hypothyroid,normal,0.5215284
2,2,normal,normal,0.5740985
2,2,normal,normal,0.9980756
2,1,normal,hypothyroid,0.59061575
2,2,normal,normal,0.9625115
2,2,normal,normal,0.7121766
1,1,hypothyroid,hypothyroid,0.8257949
2,1,normal,hypothyroid,0.65499157
2,2,normal,normal,0.92571735
2,2,normal,normal,0.5574002
2,1,normal,hypothyroid,0.5890731
2,1,normal,hypothyroid,0.81724286
2,1,normal,hypothyroid,0.7373779
2,2,normal,normal,0.740287
2,2,normal,normal,0.9876676
2,1,normal,hypothyroid,0.59784967
2,2,normal,normal,0.94191116
1,1,hypothyroid,hypothyroid,0.71270674
2,2,normal,normal,0.596495
2,2,normal,normal,0.99122745
2,2,normal,normal,0.5262058
2,2,normal,normal,0.95673114
2,1,normal,hypothyroid,0.57211715
2,2,normal,normal,0.6748241
2,2,normal,normal,0.6607231
2,2,normal,normal,0.60708356
2,2,normal,normal,0.94484365
2,2,normal,normal,0.51436675
2,2,normal,normal,0.97369856
2,2,normal,normal,0.99131715
2,2,normal,normal,0.5954043
2,1,normal,hypothyroid,0.52883947
2,1,normal,hypothyroid,0.5448606
2,2,normal,normal,0.8684085
2,2,normal,normal,0.5681786
2,2,normal,normal,0.7170139
2,1,normal,hypothyroid,0.6433383
2,2,normal,normal,0.9982559
2,2,normal,normal,0.65303457
2,2,normal,normal,0.6608126
2,2,normal,normal,0.8391682
2,1,normal,hypothyroid,0.5068441
2,2,normal,normal,0.6609516
2,2,normal,normal,0.66992295
2,2,normal,normal,0.72933537
2,2,normal,normal,0.58372504
2,0,normal,hyperthyroid,0.99624205
2,2,normal,normal,0.711685
2,2,normal,normal,0.72044706
0,1,hyperthyroid,hypothyroid,0.5222367
2,2,normal,normal,0.5340149
2,2,normal,normal,0.8856798
2,1,normal,hypothyroid,0.57941157
2,2,normal,normal,0.5930302
2,2,normal,normal,0.9919051
2,1,normal,hypothyroid,0.5209702
2,2,normal,normal,0.99357975
2,2,normal,normal,0.5187363
2,2,normal,normal,0.9862563
2,1,normal,hypothyroid,0.7319557
2,2,normal,normal,0.76621616
2,2,normal,normal,0.9574947
2,2,normal,normal,0.7921581
2,1,normal,hypothyroid,0.8081965
2,2,normal,normal,0.9548106
2,2,normal,normal,0.93868625
2,2,normal,normal,0.595325
2,1,normal,hypothyroid,0.4951003
2,1,normal,hypothyroid,0.6117392
2,1,normal,hypothyroid,0.50884706
2,2,normal,normal,0.99542445
2,2,normal,normal,0.6084305
2,2,normal,normal,0.5822628
2,2,normal,normal,0.59346044
2,2,normal,normal,0.5509508
2,2,normal,normal,0.5158121
2,2,normal,normal,0.86544913
2,2,normal,normal,0.5134125
2,2,normal,normal,0.5615404
2,2,normal,normal,0.5695259
2,2,normal,normal,0.75341666
2,1,normal,hypothyroid,0.76295745
2,2,normal,normal,0.5230953
1,1,hypothyroid,hypothyroid,0.5556835
2,2,normal,normal,0.86839134
2,2,normal,normal,0.6748241
1,2,hypothyroid,normal,0.5245252
2,2,normal,normal,0.9956018
2,2,normal,normal,0.6725784
2,1,normal,hypothyroid,0.8052145
2,2,normal,normal,0.64501387
2,2,normal,normal,0.8203974
2,2,normal,normal,0.9999238
1,1,hypothyroid,hypothyroid,0.87388587
2,2,normal,normal,0.59842545
1,2,hypothyroid,normal,0.5430719
2,1,normal,hypothyroid,0.5075211
2,2,normal,normal,0.77831453
2,2,normal,normal,0.9301673
2,2,normal,normal,0.50848347
2,2,normal,normal,0.993978
2,2,normal,normal,0.597716
2,1,normal,hypothyroid,0.702952
2,2,normal,normal,0.874399
2,2,normal,normal,0.5160653
2,2,normal,normal,0.70970374
1,1,hypothyroid,hypothyroid,0.80242366
1,1,hypothyroid,hypothyroid,0.52274793
1,1,hypothyroid,hypothyroid,0.5589387
2,1,normal,hypothyroid,0.61128724
2,2,normal,normal,0.64033926
2,2,normal,normal,0.98336977
2,2,normal,normal,0.58092266
2,2,normal,normal,0.71653324
2,2,normal,normal,0.6000645
2,2,normal,normal,0.6420163
2,1,normal,hypothyroid,0.78120846
2,1,normal,hypothyroid,0.6255988
2,2,normal,normal,0.7307609
2,2,normal,normal,0.99548334
2,2,normal,normal,0.5802676
1,2,hypothyroid,normal,0.7475111
2,2,normal,normal,0.8692793
2,2,normal,normal,0.76815814
2,0,normal,hyperthyroid,0.9193006
2,2,normal,normal,0.6025497
2,1,normal,hypothyroid,0.5595982
2,2,normal,normal,0.66178405
2,2,normal,normal,0.5931722
2,2,normal,normal,0.6956927
2,2,normal,normal,0.69366485
2,2,normal,normal,0.6382903
1,1,hypothyroid,hypothyroid,0.8379491
2,2,normal,normal,0.9995368
2,1,normal,hypothyroid,0.505522
2,2,normal,normal,0.76554596
2,1,normal,hypothyroid,0.51534283
2,2,normal,normal,0.9378903
2,2,normal,normal,0.5976931
2,2,normal,normal,0.6490401
2,2,normal,normal,0.6031385
2,2,normal,normal,0.7436141
2,2,normal,normal,0.65466064
2,2,normal,normal,0.6723789
2,2,normal,normal,0.998038
2,1,normal,hypothyroid,0.8089011
2,2,normal,normal,0.7264568
1,1,hypothyroid,hypothyroid,0.5344117
2,2,normal,normal,0.8964682
2,1,normal,hypothyroid,0.8084192
2,2,normal,normal,0.8314607
2,1,normal,hypothyroid,0.556842
2,0,normal,hyperthyroid,0.49107397
2,2,normal,normal,0.7977687
2,2,normal,normal,0.9988672
2,2,normal,normal,0.62144727
2,2,normal,normal,0.5553459
2,2,normal,normal,0.99985945
2,2,normal,normal,0.6487241
2,2,normal,normal,0.5077632
2,1,normal,hypothyroid,0.5056759
2,2,normal,normal,0.7297566
2,2,normal,normal,0.7309533
2,1,normal,hypothyroid,0.6747232
2,2,normal,normal,0.9936545
2,2,normal,normal,0.49217102
2,2,normal,normal,0.6852538
2,2,normal,normal,0.96278614
2,2,normal,normal,0.6850645
2,2,normal,normal,0.51077473
2,1,normal,hypothyroid,0.47135764
1,1,hypothyroid,hypothyroid,0.50000334
2,2,normal,normal,0.7701333
0,0,hyperthyroid,hyperthyroid,0.9971902
2,2,normal,normal,0.56343937
1,1,hypothyroid,hypothyroid,0.6567649
2,2,normal,normal,0.9473012
2,2,normal,normal,0.8779391
2,2,normal,normal,0.7289077
2,2,normal,normal,0.59082633
2,2,normal,normal,0.9986954
2,1,normal,hypothyroid,0.60380036
2,2,normal,normal,0.6507938
2,2,normal,normal,0.65262634
2,2,normal,normal,0.67045957
2,2,normal,normal,0.62851715
2,2,normal,normal,0.9457729
2,1,normal,hypothyroid,0.58861935
2,2,normal,normal,0.9369414
2,2,normal,normal,0.9572203
1,1,hypothyroid,hypothyroid,0.8166575
2,2,normal,normal,0.76908827
2,2,normal,normal,0.78145146
2,2,normal,normal,0.9860929
2,2,normal,normal,0.85102016
2,2,normal,normal,0.594864
2,1,normal,hypothyroid,0.5048739
2,1,normal,hypothyroid,0.62690526
2,1,normal,hypothyroid,0.5182847
2,2,normal,normal,0.6062377
2,2,normal,normal,0.8321729
2,2,normal,normal,0.97131044
2,1,normal,hypothyroid,0.5746147
2,2,normal,normal,0.8776422
2,2,normal,normal,0.83403754
2,2,normal,normal,0.49752158
1,1,hypothyroid,hypothyroid,0.7906678
2,2,normal,normal,0.7427845
2,2,normal,normal,0.74354684
2,2,normal,normal,0.99292576
1,1,hypothyroid,hypothyroid,0.5015585
2,2,normal,normal,0.5728758
2,2,normal,normal,0.7682594
2,2,normal,normal,0.5661354
1,1,hypothyroid,hypothyroid,0.60433084
2,2,normal,normal,0.59984154
2,2,normal,normal,0.99930465
1,1,hypothyroid,hypothyroid,0.7477293
2,1,normal,hypothyroid,0.8109876
2,2,normal,normal,0.8703474
2,2,normal,normal,0.99745685
2,2,normal,normal,0.9898713
2,1,normal,hypothyroid,0.50063926
2,2,normal,normal,0.965036
2,2,normal,normal,0.6280787
1,2,hypothyroid,normal,0.64371234
2,2,normal,normal,0.92201096
2,2,normal,normal,0.924741
2,1,normal,hypothyroid,0.73891294
2,2,normal,normal,0.9858104
2,1,normal,hypothyroid,0.5246654
2,2,normal,normal,0.65071076
2,2,normal,normal,0.6017539
2,2,normal,normal,0.50512266
2,2,normal,normal,0.69605684
2,1,normal,hypothyroid,0.51328254
2,1,normal,hypothyroid,0.56722313
2,2,normal,normal,0.63168925
2,2,normal,normal,0.79851836
2,2,normal,normal,0.6716332
2,2,normal,normal,0.8461723
2,2,normal,normal,0.61564714
2,2,normal,normal,0.91537607
2,2,normal,normal,0.8476564
2,2,normal,normal,0.73178995
2,2,normal,normal,0.94404155
1,2,hypothyroid,normal,0.67050624
2,2,normal,normal,0.6217062
2,1,normal,hypothyroid,0.52740777
0,0,hyperthyroid,hyperthyroid,0.70571905
2,2,normal,normal,0.95215607
2,2,normal,normal,0.92701286
2,2,normal,normal,0.8209583
2,1,normal,hypothyroid,0.54204106
2,2,normal,normal,0.5385291
2,2,normal,normal,0.79206705
2,1,normal,hypothyroid,0.5370836
2,2,normal,normal,0.5454023
2,2,normal,normal,0.68527627
2,2,normal,normal,0.60735714
2,2,normal,normal,0.55899143
2,1,normal,hypothyroid,0.60891414
2,2,normal,normal,0.7406759
2,1,normal,hypothyroid,0.53048956
2,1,normal,hypothyroid,0.5480768
2,2,normal,normal,0.6800602
2,2,normal,normal,0.6476243
2,2,normal,normal,0.536233
2,1,normal,hypothyroid,0.5467771
1,1,hypothyroid,hypothyroid,0.7941733
2,2,normal,normal,0.52314174
2,2,normal,normal,0.74250144
2,2,normal,normal,0.9938366
2,2,normal,normal,0.5577747
2,2,normal,normal,0.65940493
2,2,normal,normal,0.6038733
2,1,normal,hypothyroid,0.75013185
2,2,normal,normal,0.97925293
2,2,normal,normal,0.69816154
2,2,normal,normal,0.9972481
2,2,normal,normal,0.67317075
2,2,normal,normal,0.94752014
2,2,normal,normal,0.9862973
2,2,normal,normal,0.6437632
2,2,normal,normal,0.7225964
2,2,normal,normal,0.9855725
1,2,hypothyroid,normal,0.49952742
2,2,normal,normal,0.70759505
2,1,normal,hypothyroid,0.52837443
2,1,normal,hypothyroid,0.61642057
2,2,normal,normal,0.9889576
2,2,normal,normal,0.9902614
2,2,normal,normal,0.98695844
2,2,normal,normal,0.5911677
2,2,normal,normal,0.9714661
2,1,normal,hypothyroid,0.7943583
2,2,normal,normal,0.51529783
1,2,hypothyroid,normal,0.6716261
2,2,normal,normal,0.9314084
2,2,normal,normal,0.6572491
2,2,normal,normal,0.6867966
2,1,normal,hypothyroid,0.5145608
2,1,normal,hypothyroid,0.7337501
2,2,normal,normal,0.7284128
2,2,normal,normal,0.67806935
2,2,normal,normal,0.585508
2,2,normal,normal,0.6188647
2,1,normal,hypothyroid,0.52311623
2,2,normal,normal,0.8820936
2,2,normal,normal,0.8153296
2,2,normal,normal,0.99262065
2,2,normal,normal,0.64179856
2,2,normal,normal,0.52562356
2,2,normal,normal,0.95480585
2,2,normal,normal,0.76404214
2,1,normal,hypothyroid,0.49719226
2,2,normal,normal,0.510312
2,1,normal,hypothyroid,0.60529274
1,2,hypothyroid,normal,0.52620167
2,2,normal,normal,0.5891249
2,2,normal,normal,0.68109894
2,0,normal,hyperthyroid,0.6067565
0,0,hyperthyroid,hyperthyroid,0.99998736
2,1,normal,hypothyroid,0.46249616
2,1,normal,hypothyroid,0.5357988
2,2,normal,normal,0.5207151
2,2,normal,normal,0.8059707
2,2,normal,normal,0.60925514
2,2,normal,normal,0.99345404
2,2,normal,normal,0.6716354
2,1,normal,hypothyroid,0.60135096
2,2,normal,normal,0.72627723
2,2,normal,normal,0.5255953
2,2,normal,normal,0.7755199
2,1,normal,hypothyroid,0.62959903
2,1,normal,hypothyroid,0.6296363
2,2,normal,normal,0.58312285
2,2,normal,normal,0.8817556
2,1,normal,hypothyroid,0.828986
2,1,normal,hypothyroid,0.79811484
2,2,normal,normal,0.6614897
2,2,normal,normal,0.970088
2,2,normal,normal,0.5491883
2,2,normal,normal,0.6041077
2,2,normal,normal,0.63036525
2,2,normal,normal,0.6963997
2,1,normal,hypothyroid,0.7366948
2,2,normal,normal,0.9326264
2,2,normal,normal,0.7036712
2,2,normal,normal,0.896277
2,1,normal,hypothyroid,0.5752948
1,2,hypothyroid,normal,0.54964894
2,2,normal,normal,0.6453412
2,2,normal,normal,0.8485488
2,1,normal,hypothyroid,0.5031255
2,2,normal,normal,0.8937696
2,2,normal,normal,0.58149713
2,2,normal,normal,0.54993653
2,2,normal,normal,0.66672206
2,2,normal,normal,0.70893186
2,2,normal,normal,0.83231634
2,2,normal,normal,0.9975912
2,2,normal,normal,0.65051633
2,2,normal,normal,0.64129835
2,2,normal,normal,0.60560006
2,2,normal,normal,0.9238854
2,1,normal,hypothyroid,0.6742284
2,2,normal,normal,0.99645054
2,2,normal,normal,0.9947267
2,2,normal,normal,0.97719544
2,1,normal,hypothyroid,0.6306346
2,1,normal,hypothyroid,0.51465654
0,0,hyperthyroid,hyperthyroid,0.99992025
2,1,normal,hypothyroid,0.5184104
2,2,normal,normal,0.7233076
1,1,hypothyroid,hypothyroid,0.525397
2,2,normal,normal,0.57872987
2,2,normal,normal,0.96974474
2,2,normal,normal,0.5161556
2,2,normal,normal,0.9928677
2,1,normal,hypothyroid,0.6452543
2,2,normal,normal,0.96480024
2,2,normal,normal,0.98749137
2,1,normal,hypothyroid,0.6049764
2,2,normal,normal,0.4979744
2,2,normal,normal,0.70861447
0,0,hyperthyroid,hyperthyroid,1.0
2,2,normal,normal,0.63544494
0,0,hyperthyroid,hyperthyroid,0.9994288
2,2,normal,normal,0.66627884
2,2,normal,normal,0.5179302
2,2,normal,normal,0.73142374
2,2,normal,normal,0.6890213
2,2,normal,normal,0.97417665
2,2,normal,normal,0.6302689
2,2,normal,normal,0.99989843
2,2,normal,normal,0.80546826
2,2,normal,normal,0.6231817
2,2,normal,normal,0.54357857
2,2,normal,normal,0.5983938
2,2,normal,normal,0.65080667
2,2,normal,normal,0.6412606
2,2,normal,normal,0.89905554
0,0,hyperthyroid,hyperthyroid,0.6124662
2,2,normal,normal,0.6758979
2,1,normal,hypothyroid,0.5501821
2,2,normal,normal,0.99670863
2,1,normal,hypothyroid,0.545248
2,2,normal,normal,0.56070995
1,2,hypothyroid,normal,0.6031767
2,2,normal,normal,0.9559254
2,2,normal,normal,0.8637691
2,2,normal,normal,0.9609097
2,2,normal,normal,0.99674654
2,1,normal,hypothyroid,0.5068441
2,2,normal,normal,0.9999994
2,2,normal,normal,0.9944306
2,1,normal,hypothyroid,0.62373936
2,1,normal,hypothyroid,0.7502142
2,0,normal,hyperthyroid,0.61536765
2,2,normal,normal,0.61986786
2,1,normal,hypothyroid,0.59889007
2,2,normal,normal,0.9953538
2,2,normal,normal,0.6408138
2,2,normal,normal,0.7088405
1,1,hypothyroid,hypothyroid,0.8822193
2,2,normal,normal,0.65804577
1,1,hypothyroid,hypothyroid,0.6634208
2,2,normal,normal,0.62162995
2,1,normal,hypothyroid,0.521503
0,0,hyperthyroid,hyperthyroid,0.992381
1,2,hypothyroid,normal,0.77510285
2,1,normal,hypothyroid,0.43146944
2,1,normal,hypothyroid,0.5400175
2,2,normal,normal,0.98075384
2,1,normal,hypothyroid,0.53382075
2,1,normal,hypothyroid,0.6009742
2,2,normal,normal,0.7363493
2,2,normal,normal,0.6282685
2,1,normal,hypothyroid,0.555669
2,2,normal,normal,0.94924754
2,1,normal,hypothyroid,0.64900684
2,2,normal,normal,0.8860697
2,2,normal,normal,0.59679806
1,1,hypothyroid,hypothyroid,0.5223758
2,1,normal,hypothyroid,0.502862
2,1,normal,hypothyroid,0.8015521
1,2,hypothyroid,normal,0.4956635
2,1,normal,hypothyroid,0.5628801
2,2,normal,normal,0.9939429
2,2,normal,normal,0.50200933
2,2,normal,normal,0.99850804
2,2,normal,normal,0.6285825
2,2,normal,normal,0.7105909
2,2,normal,normal,0.8255638
2,2,normal,normal,0.72168714
2,2,normal,normal,0.59686506
2,2,normal,normal,0.72952086
2,2,normal,normal,0.82335776
2,2,normal,normal,0.63723004
2,1,normal,hypothyroid,0.53002334
2,2,normal,normal,0.9930363
2,1,normal,hypothyroid,0.6363937
2,2,normal,normal,0.5906266
2,2,normal,normal,0.75026125
1,1,hypothyroid,hypothyroid,0.8169952
2,2,normal,normal,0.8147777
2,2,normal,normal,0.9637778
2,1,normal,hypothyroid,0.7311211
2,1,normal,hypothyroid,0.6293863
2,1,normal,hypothyroid,0.5399647
0,0,hyperthyroid,hyperthyroid,1.0
2,1,normal,hypothyroid,0.6034626
2,2,normal,normal,0.592828
2,2,normal,normal,0.6525364
2,2,normal,normal,0.9443225
2,2,normal,normal,0.55896115
2,2,normal,normal,0.6318232
2,0,normal,hyperthyroid,0.51251954
2,2,normal,normal,0.6111443
2,1,normal,hypothyroid,0.6183289
2,2,normal,normal,0.50763786
2,2,normal,normal,0.53664094
2,2,normal,normal,0.66855127
2,2,normal,normal,0.8724541
2,1,normal,hypothyroid,0.68810654
2,2,normal,normal,0.6975054
2,2,normal,normal,0.534193
2,2,normal,normal,0.62025243
2,2,normal,normal,0.9648863
2,2,normal,normal,0.6399293
2,1,normal,hypothyroid,0.5726513
2,2,normal,normal,0.78979635
2,2,normal,normal,0.9991074
2,2,normal,normal,0.9911319
2,1,normal,hypothyroid,0.717062
2,2,normal,normal,0.99999654
2,2,normal,normal,0.6322364
2,1,normal,hypothyroid,0.77111834
1,1,hypothyroid,hypothyroid,0.79829496
2,2,normal,normal,0.615875
2,2,normal,normal,0.9341317
2,2,normal,normal,0.5054438
2,2,normal,normal,0.90810686
2,1,normal,hypothyroid,0.519442
0,0,hyperthyroid,hyperthyroid,0.99999344
2,2,normal,normal,0.97776115
2,2,normal,normal,0.6535921
2,2,normal,normal,0.99618995
2,1,normal,hypothyroid,0.5961754
2,2,normal,normal,0.8982613
2,2,normal,normal,0.9990528
2,1,normal,hypothyroid,0.78994876
2,1,normal,hypothyroid,0.635364
2,2,normal,normal,0.97986925
2,2,normal,normal,0.81029147
2,2,normal,normal,0.7895988
1,2,hypothyroid,normal,0.5214738
2,2,normal,normal,0.9769911
2,2,normal,normal,0.53995687
2,1,normal,hypothyroid,0.5908757
2,2,normal,normal,0.920067
2,2,normal,normal,0.60450196
2,2,normal,normal,0.6272404
2,1,normal,hypothyroid,0.55141157
2,2,normal,normal,0.66524404
2,2,normal,normal,0.9979785
2,2,normal,normal,0.66863424
2,2,normal,normal,0.83631593
2,2,normal,normal,0.60956156
2,2,normal,normal,0.7519562
2,2,normal,normal,0.95996976
2,1,normal,hypothyroid,0.707515
2,2,normal,normal,0.99647766
2,2,normal,normal,0.6188814
2,2,normal,normal,0.5665604
2,2,normal,normal,0.77388483
2,2,normal,normal,0.8086059
2,2,normal,normal,0.53669643
2,2,normal,normal,0.8173121
2,2,normal,normal,0.6517731
2,1,normal,hypothyroid,0.5524771
2,2,normal,normal,0.7316602
2,2,normal,normal,0.67278713
2,2,normal,normal,0.8446501
2,2,normal,normal,0.8495046
2,2,normal,normal,0.66004086
2,2,normal,normal,0.73029476
2,2,normal,normal,0.766206
2,2,normal,normal,0.67441356
2,1,normal,hypothyroid,0.60880226
2,2,normal,normal,0.6035619
2,2,normal,normal,0.74844486
2,2,normal,normal,0.8562498
2,1,normal,hypothyroid,0.56166506
2,2,normal,normal,0.80859363
2,2,normal,normal,0.98158264
2,2,normal,normal,0.7657565
2,2,normal,normal,0.50245476
2,2,normal,normal,0.9982509
2,1,normal,hypothyroid,0.68720186
2,1,normal,hypothyroid,0.57456434
2,2,normal,normal,0.9572972
1,1,hypothyroid,hypothyroid,0.856728
2,2,normal,normal,0.57132846
2,2,normal,normal,0.99992263
2,2,normal,normal,0.590916
2,2,normal,normal,0.9908213
2,1,normal,hypothyroid,0.70606375
2,2,normal,normal,0.60483646
2,2,normal,normal,0.78761655
2,2,normal,normal,0.9885437
0,1,hyperthyroid,hypothyroid,0.7862246
2,2,normal,normal,0.9744825
2,2,normal,normal,0.5303574
2,2,normal,normal,0.7908639
2,2,normal,normal,0.995956
2,2,normal,normal,0.6844946
1,1,hypothyroid,hypothyroid,0.86013883
2,2,normal,normal,0.64798236
2,2,normal,normal,0.8563906
2,2,normal,normal,0.8946806
2,2,normal,normal,0.5408698
2,1,normal,hypothyroid,0.7635622
2,2,normal,normal,0.6214659
2,2,normal,normal,0.8128093
2,1,normal,hypothyroid,0.7021576
2,2,normal,normal,0.99773383
1,1,hypothyroid,hypothyroid,0.82873815
2,2,normal,normal,0.8976274
2,2,normal,normal,0.75924855
2,1,normal,hypothyroid,0.5804996
2,1,normal,hypothyroid,0.6178947
2,2,normal,normal,0.6565206
2,2,normal,normal,0.68735576
1,2,hypothyroid,normal,0.5904641
2,2,normal,normal,0.9907256
2,2,normal,normal,0.897572
2,1,normal,hypothyroid,0.5941332
0,0,hyperthyroid,hyperthyroid,0.9945585
2,2,normal,normal,0.6483244
2,0,normal,hyperthyroid,0.92692286
2,2,normal,normal,0.5842134
2,1,normal,hypothyroid,0.52244914
2,2,normal,normal,0.64831513
2,2,normal,normal,0.729472
2,2,normal,normal,0.65302384
2,2,normal,normal,0.90858525
2,1,normal,hypothyroid,0.65988976
2,2,normal,normal,0.7507088
0,0,hyperthyroid,hyperthyroid,1.0
2,2,normal,normal,0.6132549
2,1,normal,hypothyroid,0.53493285
2,2,normal,normal,0.6408702
2,2,normal,normal,0.9825958
2,1,normal,hypothyroid,0.7199241
2,2,normal,normal,0.8136802
2,2,normal,normal,0.52752817
2,1,normal,hypothyroid,0.7125785
2,2,normal,normal,0.9292974
2,2,normal,normal,0.9452218
2,2,normal,normal,0.862156
2,2,normal,normal,0.5691396
2,2,normal,normal,0.5874356
2,2,normal,normal,0.5676591
2,2,normal,normal,0.5161436
2,1,normal,hypothyroid,0.5276525
2,2,normal,normal,0.79307175
2,2,normal,normal,0.61479765
2,2,normal,normal,0.530159
2,0,normal,hyperthyroid,0.66001815
2,1,normal,hypothyroid,0.5479007
2,2,normal,normal,0.6859085
2,2,normal,normal,0.5868337
2,2,normal,normal,0.9469523
2,1,normal,hypothyroid,0.6051003
2,2,normal,normal,0.6552715
2,2,normal,normal,0.58400255
2,2,normal,normal,0.99749076
0,0,hyperthyroid,hyperthyroid,0.99999404
2,2,normal,normal,0.7497062
2,2,normal,normal,0.6749179
0,0,hyperthyroid,hyperthyroid,0.9999515
2,2,normal,normal,0.7937549
2,2,normal,normal,0.647521
2,2,normal,normal,0.5645401
2,2,normal,normal,0.5504543
2,1,normal,hypothyroid,0.6012626
2,2,normal,normal,0.71890557
2,2,normal,normal,0.5697485
2,2,normal,normal,0.651581
2,2,normal,normal,0.64372605
2,2,normal,normal,0.9983398
2,2,normal,normal,0.64319575
0,0,hyperthyroid,hyperthyroid,0.9913153
2,1,normal,hypothyroid,0.83700764
2,2,normal,normal,0.56035835
2,2,normal,normal,0.6960426
2,2,normal,normal,0.52519256
2,2,normal,normal,0.73091227
2,2,normal,normal,0.8983264
2,1,normal,hypothyroid,0.53562003
2,2,normal,normal,0.9548301
2,1,normal,hypothyroid,0.67816883
2,2,normal,normal,0.98797494
2,2,normal,normal,0.9505212
2,2,normal,normal,0.8707492
2,2,normal,normal,0.98904675
2,2,normal,normal,0.60189563
2,1,normal,hypothyroid,0.7112593
2,2,normal,normal,0.9695057
2,2,normal,normal,0.9955279
0,0,hyperthyroid,hyperthyroid,0.9991436
2,2,normal,normal,0.65663326
2,2,normal,normal,0.637049
2,2,normal,normal,0.71547556
2,2,normal,normal,0.99609214
2,2,normal,normal,0.6665144
2,2,normal,normal,0.7234783
2,1,normal,hypothyroid,0.5120668
2,2,normal,normal,0.71722543
2,2,normal,normal,0.5885621
2,2,normal,normal,0.5375436
2,2,normal,normal,0.50291944
2,2,normal,normal,0.7882138
2,2,normal,normal,0.60822135
2,2,normal,normal,0.49504122
2,2,normal,normal,0.6402533
2,2,normal,normal,0.9742553
2,1,normal,hypothyroid,0.6066286
2,2,normal,normal,0.74916995
2,1,normal,hypothyroid,0.5898268
2,1,normal,hypothyroid,0.6749853
2,2,normal,normal,0.66745627
2,2,normal,normal,0.86810607
2,2,normal,normal,0.99841225
2,2,normal,normal,0.59549457
2,1,normal,hypothyroid,0.509371
2,1,normal,hypothyroid,0.6481806
2,2,normal,normal,0.5686437
0,0,hyperthyroid,hyperthyroid,0.9989286
2,2,normal,normal,0.7940165
2,1,normal,hypothyroid,0.79893416
2,2,normal,normal,0.6528969
2,2,normal,normal,0.9958608
2,2,normal,normal,0.545828
2,2,normal,normal,0.85544854
2,2,normal,normal,0.99681914
2,1,normal,hypothyroid,0.6912999
2,1,normal,hypothyroid,0.59595937
2,1,normal,hypothyroid,0.59483004
0,0,hyperthyroid,hyperthyroid,0.57657236
2,2,normal,normal,0.6425533
2,2,normal,normal,0.97935754
2,1,normal,hypothyroid,0.630465
2,1,normal,hypothyroid,0.5297588
2,2,normal,normal,0.55044097
2,2,normal,normal,0.58243304
2,0,normal,hyperthyroid,0.6152647
2,2,normal,normal,0.88533026
2,2,normal,normal,0.88482815
2,2,normal,normal,0.6778316
2,2,normal,normal,0.99931693
2,2,normal,normal,0.6448888
2,2,normal,normal,0.6173016
2,1,normal,hypothyroid,0.5253788
1,1,hypothyroid,hypothyroid,0.73912215
2,2,normal,normal,0.64560395
2,2,normal,normal,0.80412924
2,2,normal,normal,0.5377379
2,2,normal,normal,0.9216157
2,2,normal,normal,0.8321011
2,2,normal,normal,0.73020566
2,1,normal,hypothyroid,0.54168534
2,2,normal,normal,0.9607502
2,2,normal,normal,0.8330697
2,1,normal,hypothyroid,0.49747625
